Dataset,Accuracy,Precision,Recall,F1 Score,ROC AUC
synthetic,1.0,1.0,1.0,1.0,1.0
scientific,0.9305,0.9122885025563295,0.953,0.9320697218261029,0.9830825000000001
balanced,0.924,0.9301085468159259,0.917,0.9234875730286476,0.9732099999999999
gan_matched,0.5275000000000001,0.5326637274660018,0.469,0.49057275724129557,0.5527974999999999
